0	0
1	0
2	0
3	0
4	0
5	0
6	0
7	0
8	0
9	0
10	0
11	0
12	0
13	0
14	0
15	0
16	0
17	0
18	0
19	0
20	0
21	0
22	0
23	0
24	0
25	0
26	0
27	0
28	0
29	0
30	0
31	0
32	0
33	0
34	0
35	0
36	0
37	0
38	0
39	0
40	0
41	0
42	5
43	12
44	30
45	35
46	39
47	30
48	16
49	38
50	33
51	31
52	33
53	24
54	33
55	28
56	24
57	27
58	34
59	35
60	32
61	33
62	25
63	33
64	40
65	40
66	27
67	30
68	37
69	33
70	37
71	33
72	38
73	36
74	42
75	32
76	44
77	34
78	28
79	28
80	31
81	28
82	40
83	26
84	28
85	39
86	37
87	43
88	31
89	38
90	34
91	44
92	35
93	38
94	41
95	44
96	41
97	40
98	40
99	44
100	47
101	34
102	35
103	38
104	43
105	37
106	35
107	42
108	45
109	35
110	37
111	52
112	45
113	41
114	34
115	37
116	34
117	44
118	30
119	44
120	39
121	36
122	41
123	31
124	38
125	34
126	40
127	35
128	44
129	48
130	44
131	53
132	40
133	36
134	44
135	49
136	50
137	39
138	34
139	43
140	53
141	47
142	36
143	36
144	39
145	44
146	50
147	52
148	41
149	47
150	48
151	39
152	45
153	45
154	53
155	46
156	41
157	37
158	47
159	39
160	44
161	47
162	48
163	54
164	45
165	65
166	43
167	60
168	47
169	57
170	52
171	45
172	43
173	52
174	55
175	50
176	55
177	44
178	60
179	58
180	45
181	43
182	49
183	50
184	33
185	49
186	54
187	46
188	47
189	62
190	49
191	58
192	47
193	49
194	39
195	50
196	54
197	42
198	58
199	46
200	58
201	37
202	46
203	51
204	72
205	53
206	54
207	61
208	47
209	43
210	53
211	56
212	50
213	49
214	54
215	40
216	49
217	62
218	43
219	59
220	58
221	51
222	58
223	42
224	66
225	48
226	39
227	56
228	48
229	61
230	50
231	43
232	42
233	60
234	54
235	53
236	52
237	45
238	57
239	46
240	60
241	65
242	60
243	50
244	37
245	39
246	55
247	66
248	63
249	57
250	43
251	73
252	51
253	47
254	46
255	54
256	42
257	67
258	60
259	58
260	70
261	44
262	56
263	60
264	52
265	57
266	63
267	57
268	60
269	62
270	60
271	51
272	54
273	49
274	43
275	56
276	50
277	50
278	59
279	40
280	50
281	59
282	57
283	54
284	47
285	63
286	50
287	73
288	51
289	50
290	53
291	65
292	43
293	59
294	53
295	59
296	42
297	47
298	45
299	44
300	57
301	60
302	56
303	46
304	51
305	50
306	49
307	49
308	56
309	42
310	61
311	65
312	58
313	50
314	48
315	46
316	50
317	48
318	55
319	49
320	46
321	46
322	64
323	48
324	41
325	50
326	50
327	60
328	48
329	51
330	58
331	45
332	58
333	52
334	45
335	59
336	52
337	53
338	52
339	42
340	48
341	51
342	49
343	43
344	43
345	56
346	47
347	53
348	53
349	46
350	58
351	49
352	47
353	44
354	44
355	45
356	42
357	54
358	66
359	48
360	57
361	50
362	44
363	43
364	66
365	44
366	60
367	44
368	57
369	43
370	42
371	54
372	47
373	45
374	44
375	47
376	41
377	44
378	49
379	57
380	53
381	49
382	59
383	42
384	47
385	51
386	60
387	52
388	69
389	45
390	37
391	41
392	61
393	53
394	49
395	41
396	63
397	48
398	67
399	52
400	55
401	56
402	49
403	62
404	53
405	49
406	52
407	48
408	44
409	65
410	44
411	52
412	60
413	33
414	58
415	53
416	54
417	63
418	44
419	55
420	52
421	58
422	52
423	59
424	54
425	61
426	42
427	51
428	42
429	43
430	63
431	43
432	49
433	60
434	66
435	35
436	49
437	59
438	61
439	48
440	43
441	49
442	47
443	52
444	40
445	41
446	43
447	42
448	49
449	45
450	42
451	40
452	45
453	49
454	50
455	41
456	42
457	46
458	53
459	49
460	46
461	51
462	60
463	44
464	48
465	43
466	39
467	50
468	55
469	36
470	63
471	38
472	50
473	36
474	43
475	35
476	38
477	48
478	47
479	52
480	57
481	47
482	51
483	45
484	44
485	56
486	48
487	53
488	53
489	44
490	56
491	46
492	42
493	53
494	36
495	48
496	43
497	43
498	63
499	57
500	40
501	53
502	44
503	47
504	44
505	47
506	45
507	52
508	51
509	44
510	45
511	45
512	45
513	47
514	59
515	51
516	49
517	50
518	72
519	48
520	47
521	50
522	35
523	45
524	45
525	40
526	42
527	49
528	52
529	48
530	54
531	61
532	44
533	40
534	51
535	40
536	41
537	40
538	39
539	36
540	44
541	37
542	31
543	43
544	46
545	34
546	44
547	45
548	48
549	44
550	46
551	47
552	38
553	51
554	38
555	43
556	40
557	52
558	47
559	40
560	43
561	56
562	54
563	43
564	45
565	36
566	36
567	47
568	38
569	38
570	49
571	46
572	47
573	48
574	43
575	45
576	37
577	49
578	40
579	52
580	56
581	34
582	48
583	46
584	32
585	53
586	40
587	54
588	51
589	53
590	63
591	53
592	54
593	46
594	45
595	46
596	42
597	31
598	43
599	57
600	46
601	41
602	61
603	53
604	41
605	35
606	43
607	37
608	38
609	43
610	52
611	45
612	60
613	49
614	48
615	41
616	53
617	49
618	60
619	41
620	51
621	37
622	45
623	40
624	40
625	62
626	54
627	47
628	43
629	43
630	42
631	37
632	45
633	63
634	47
635	56
636	49
637	47
638	43
639	36
640	40
641	56
642	54
643	45
644	35
645	32
646	43
647	41
648	44
649	46
650	34
651	60
652	43
653	43
654	41
655	50
656	35
657	34
658	33
659	45
660	38
661	54
662	46
663	41
664	41
665	39
666	33
667	42
668	54
669	46
670	36
671	48
672	35
673	49
674	43
675	44
676	37
677	33
678	44
679	47
680	41
681	50
682	42
683	36
684	51
685	61
686	34
687	38
688	44
689	52
690	39
691	35
692	47
693	37
694	37
695	41
696	36
697	35
698	37
699	44
700	45
701	47
702	30
703	44
704	42
705	50
706	44
707	47
708	44
709	46
710	38
711	49
712	48
713	44
714	34
715	39
716	57
717	44
718	48
719	41
720	39
721	53
722	32
723	33
724	39
725	42
726	41
727	30
728	51
729	37
730	48
731	47
732	42
733	40
734	52
735	48
736	38
737	42
738	47
739	45
740	50
741	38
742	43
743	48
744	50
745	39
746	38
747	39
748	39
749	54
750	47
751	49
752	40
753	36
754	49
755	41
756	42
757	51
758	44
759	31
760	32
761	40
762	53
763	39
764	48
765	43
766	55
767	47
768	36
769	54
770	42
771	49
772	40
773	48
774	52
775	45
776	35
777	39
778	46
779	41
780	46
781	51
782	52
783	48
784	48
785	33
786	38
787	57
788	40
789	37
790	60
791	60
792	45
793	35
794	51
795	46
796	50
797	45
798	39
799	47
800	34
801	44
802	46
803	50
804	45
805	38
806	46
807	43
808	45
809	58
810	62
811	62
812	50
813	58
814	65
815	50
816	52
817	63
818	44
819	33
820	41
821	46
822	43
823	39
824	48
825	50
826	38
827	47
828	46
829	45
830	47
831	46
832	38
833	51
834	50
835	39
836	44
837	40
838	54
839	43
840	41
841	54
842	40
843	51
844	51
845	46
846	49
847	50
848	51
849	50
850	57
851	41
852	39
853	46
854	57
855	44
856	48
857	35
858	54
859	43
860	48
861	54
862	45
863	46
864	62
865	43
866	49
867	51
868	60
869	38
870	38
871	38
872	40
873	51
874	47
875	46
876	64
877	46
878	49
879	42
880	52
881	43
882	51
883	61
884	46
885	57
886	42
887	43
888	43
889	35
890	38
891	37
892	54
893	47
894	36
895	48
896	38
897	51
898	45
899	43
900	44
901	35
902	49
903	49
904	48
905	50
906	56
907	42
908	46
909	28
910	43
911	39
912	46
913	60
914	41
915	56
916	35
917	31
918	38
919	42
920	41
921	41
922	55
923	36
924	53
925	40
926	44
927	36
928	42
929	47
930	41
931	48
932	54
933	41
934	38
935	53
936	60
937	39
938	36
939	47
940	27
941	31
942	32
943	46
944	45
945	38
946	31
947	48
948	39
949	45
950	32
951	44
952	40
953	46
954	39
955	54
956	49
957	54
958	46
959	39
960	35
961	32
962	34
963	47
964	41
965	41
966	41
967	40
968	34
969	43
970	28
971	42
972	44
973	46
974	37
975	45
976	36
977	53
978	34
979	38
980	38
981	45
982	40
983	38
984	35
985	35
986	32
987	34
988	41
989	48
990	44
991	44
992	47
993	34
994	41
995	38
996	28
997	36
998	23
999	55
1000	34
1001	39
1002	46
1003	37
1004	31
1005	40
1006	48
1007	40
1008	32
1009	38
1010	33
1011	35
1012	36
1013	34
1014	45
1015	44
1016	29
1017	40
1018	34
1019	47
1020	40
1021	30
1022	43
1023	33
1024	43
1025	31
1026	31
1027	33
1028	32
1029	41
1030	27
1031	42
1032	34
1033	30
1034	37
1035	53
1036	45
1037	33
1038	34
1039	29
1040	51
1041	37
1042	34
1043	32
1044	25
1045	47
1046	33
1047	35
1048	42
1049	43
1050	41
1051	51
1052	28
1053	34
1054	33
1055	41
1056	43
1057	41
1058	52
1059	33
1060	42
1061	42
1062	38
1063	35
1064	39
1065	30
1066	37
1067	37
1068	31
1069	37
1070	32
1071	31
1072	47
1073	33
1074	30
1075	42
1076	33
1077	30
1078	47
1079	34
1080	27
1081	38
1082	30
1083	31
1084	24
1085	38
1086	33
1087	32
1088	47
1089	44
1090	29
1091	35
1092	35
1093	36
1094	43
1095	34
1096	31
1097	27
1098	33
1099	36
1100	36
1101	37
1102	39
1103	40
1104	30
1105	29
1106	37
1107	35
1108	38
1109	35
1110	34
1111	35
1112	23
1113	31
1114	42
1115	42
1116	33
1117	37
1118	38
1119	35
1120	35
1121	36
1122	32
1123	29
1124	42
1125	31
1126	32
1127	34
1128	25
1129	37
1130	32
1131	32
1132	31
1133	33
1134	38
1135	27
1136	32
1137	36
1138	38
1139	35
1140	36
1141	30
1142	35
1143	28
1144	38
1145	40
1146	42
1147	36
1148	36
1149	41
1150	33
1151	31
1152	34
1153	31
1154	31
1155	29
1156	35
1157	35
1158	37
1159	45
1160	32
1161	37
1162	23
1163	28
1164	26
1165	33
1166	30
1167	39
1168	35
1169	38
1170	33
1171	32
1172	26
1173	28
1174	33
1175	31
1176	47
1177	34
1178	33
1179	33
1180	43
1181	32
1182	26
1183	41
1184	23
1185	40
1186	40
1187	43
1188	31
1189	28
1190	32
1191	42
1192	24
1193	33
1194	35
1195	39
1196	27
1197	37
1198	40
1199	33
1200	36
1201	27
1202	29
1203	21
1204	28
1205	21
1206	33
1207	26
1208	39
1209	39
1210	34
1211	32
1212	31
1213	33
1214	37
1215	26
1216	32
1217	26
1218	30
1219	27
1220	29
1221	45
1222	27
1223	34
1224	26
1225	26
1226	31
1227	24
1228	20
1229	23
1230	38
1231	32
1232	27
1233	38
1234	29
1235	17
1236	23
1237	30
1238	25
1239	23
1240	30
1241	30
1242	27
1243	37
1244	19
1245	35
1246	31
1247	30
1248	25
1249	30
1250	25
1251	29
1252	30
1253	22
1254	26
1255	27
1256	30
1257	28
1258	21
1259	24
1260	15
1261	26
1262	20
1263	23
1264	23
1265	33
1266	28
1267	23
1268	35
1269	19
1270	32
1271	22
1272	30
1273	25
1274	36
1275	26
1276	27
1277	31
1278	29
1279	22
1280	33
1281	32
1282	26
1283	23
1284	33
1285	20
1286	26
1287	28
1288	34
1289	25
1290	36
1291	26
1292	33
1293	32
1294	26
1295	32
1296	27
1297	27
1298	27
1299	28
1300	21
1301	26
1302	31
1303	28
1304	25
1305	26
1306	40
1307	25
1308	23
1309	21
1310	27
1311	28
1312	30
1313	24
1314	29
1315	25
1316	33
1317	29
1318	27
1319	26
1320	20
1321	32
1322	28
1323	22
1324	26
1325	30
1326	27
1327	24
1328	28
1329	22
1330	32
1331	24
1332	31
1333	19
1334	23
1335	20
1336	26
1337	25
1338	17
1339	22
1340	22
1341	23
1342	30
1343	25
1344	24
1345	32
1346	18
1347	31
1348	19
1349	22
1350	30
1351	21
1352	36
1353	27
1354	26
1355	26
1356	27
1357	34
1358	23
1359	30
1360	25
1361	27
1362	22
1363	20
1364	27
1365	39
1366	23
1367	26
1368	28
1369	20
1370	28
1371	25
1372	28
1373	19
1374	29
1375	29
1376	30
1377	32
1378	31
1379	20
1380	26
1381	31
1382	28
1383	20
1384	25
1385	16
1386	24
1387	22
1388	24
1389	38
1390	21
1391	29
1392	20
1393	22
1394	24
1395	26
1396	23
1397	36
1398	21
1399	11
1400	26
1401	23
1402	30
1403	21
1404	31
1405	19
1406	22
1407	15
1408	28
1409	26
1410	25
1411	23
1412	13
1413	29
1414	24
1415	23
1416	32
1417	18
1418	22
1419	20
1420	26
1421	26
1422	27
1423	26
1424	25
1425	25
1426	19
1427	25
1428	29
1429	18
1430	15
1431	24
1432	31
1433	17
1434	31
1435	36
1436	25
1437	22
1438	22
1439	34
1440	30
1441	21
1442	34
1443	31
1444	20
1445	22
1446	25
1447	32
1448	24
1449	30
1450	21
1451	25
1452	23
1453	21
1454	17
1455	32
1456	23
1457	17
1458	25
1459	19
1460	26
1461	32
1462	19
1463	20
1464	28
1465	21
1466	24
1467	31
1468	24
1469	33
1470	30
1471	33
1472	25
1473	23
1474	23
1475	25
1476	32
1477	17
1478	24
1479	28
1480	20
1481	28
1482	26
1483	31
1484	24
1485	18
1486	22
1487	25
1488	21
1489	25
1490	27
1491	15
1492	24
1493	19
1494	26
1495	23
1496	28
1497	30
1498	21
1499	25
1500	19
1501	25
1502	19
1503	19
1504	26
1505	24
1506	25
1507	15
1508	23
1509	15
1510	12
1511	21
1512	19
1513	20
1514	19
1515	20
1516	25
1517	16
1518	23
1519	32
1520	27
1521	31
1522	22
1523	20
1524	20
1525	29
1526	22
1527	29
1528	19
1529	26
1530	23
1531	13
1532	23
1533	10
1534	13
1535	33
1536	19
1537	28
1538	20
1539	25
1540	28
1541	25
1542	31
1543	22
1544	21
1545	22
1546	20
1547	23
1548	15
1549	29
1550	29
1551	20
1552	24
1553	21
1554	23
1555	24
1556	22
1557	25
1558	18
1559	24
1560	18
1561	14
1562	25
1563	15
1564	26
1565	19
1566	18
1567	13
1568	24
1569	15
1570	19
1571	22
1572	23
1573	24
1574	24
1575	17
1576	29
1577	20
1578	21
1579	25
1580	22
1581	19
1582	22
1583	26
1584	26
1585	14
1586	12
1587	21
1588	23
1589	26
1590	25
1591	19
1592	25
1593	20
1594	25
1595	24
1596	13
1597	16
1598	35
1599	22
1600	27
1601	19
1602	17
1603	18
1604	26
1605	15
1606	20
1607	29
1608	14
1609	22
1610	21
1611	21
1612	18
1613	20
1614	17
1615	14
1616	18
1617	20
1618	27
1619	22
1620	26
1621	22
1622	26
1623	19
1624	17
1625	23
1626	18
1627	15
1628	24
1629	23
1630	16
1631	24
1632	16
1633	21
1634	22
1635	15
1636	26
1637	34
1638	13
1639	22
1640	18
1641	16
1642	27
1643	13
1644	22
1645	14
1646	21
1647	15
1648	20
1649	23
1650	29
1651	15
1652	21
1653	13
1654	24
1655	17
1656	22
1657	15
1658	20
1659	20
1660	22
1661	22
1662	32
1663	22
1664	13
1665	21
1666	26
1667	29
1668	28
1669	20
1670	20
1671	28
1672	23
1673	25
1674	17
1675	15
1676	15
1677	18
1678	14
1679	25
1680	21
1681	18
1682	22
1683	19
1684	17
1685	16
1686	21
1687	18
1688	25
1689	18
1690	18
1691	12
1692	19
1693	21
1694	21
1695	22
1696	27
1697	18
1698	12
1699	21
1700	18
1701	23
1702	22
1703	21
1704	21
1705	13
1706	14
1707	25
1708	29
1709	17
1710	26
1711	18
1712	24
1713	21
1714	14
1715	21
1716	21
1717	26
1718	15
1719	20
1720	19
1721	27
1722	25
1723	19
1724	20
1725	22
1726	15
1727	18
1728	28
1729	14
1730	18
1731	19
1732	13
1733	18
1734	17
1735	20
1736	26
1737	13
1738	15
1739	15
1740	16
1741	17
1742	15
1743	18
1744	21
1745	15
1746	13
1747	22
1748	16
1749	18
1750	22
1751	18
1752	10
1753	17
1754	13
1755	19
1756	22
1757	14
1758	14
1759	19
1760	19
1761	17
1762	10
1763	21
1764	13
1765	15
1766	20
1767	13
1768	17
1769	15
1770	20
1771	14
1772	13
1773	15
1774	20
1775	14
1776	17
1777	20
1778	20
1779	19
1780	8
1781	16
1782	21
1783	14
1784	14
1785	14
1786	20
1787	11
1788	18
1789	14
1790	18
1791	17
1792	16
1793	17
1794	17
1795	13
1796	17
1797	12
1798	15
1799	13
1800	18
1801	18
1802	18
1803	8
1804	16
1805	20
1806	17
1807	14
1808	15
1809	14
1810	15
1811	12
1812	17
1813	23
1814	15
1815	16
1816	11
1817	11
1818	20
1819	14
1820	19
1821	15
1822	15
1823	17
1824	13
1825	13
1826	18
1827	21
1828	13
1829	15
1830	11
1831	13
1832	11
1833	11
1834	15
1835	18
1836	8
1837	13
1838	18
1839	14
1840	8
1841	9
1842	9
1843	16
1844	17
1845	12
1846	10
1847	13
1848	13
1849	11
1850	11
1851	10
1852	14
1853	13
1854	12
1855	12
1856	13
1857	14
1858	11
1859	17
1860	15
1861	12
1862	10
1863	8
1864	17
1865	13
1866	12
1867	11
1868	13
1869	12
1870	11
1871	10
1872	12
1873	17
1874	11
1875	9
1876	16
1877	13
1878	9
1879	13
1880	16
1881	12
1882	8
1883	9
1884	15
1885	11
1886	11
1887	19
1888	12
1889	10
1890	10
1891	10
1892	13
1893	7
1894	20
1895	13
1896	12
1897	9
1898	9
1899	12
1900	16
1901	13
1902	10
1903	12
1904	8
1905	12
1906	13
1907	7
1908	15
1909	12
1910	9
1911	10
1912	12
1913	7
1914	12
1915	13
1916	12
1917	9
1918	11
1919	8
1920	11
1921	9
1922	16
1923	12
1924	9
1925	13
1926	11
1927	15
1928	10
1929	7
1930	11
1931	11
1932	12
1933	18
1934	8
1935	13
1936	8
1937	13
1938	8
1939	13
1940	16
1941	8
1942	9
1943	9
1944	8
1945	10
1946	17
1947	11
1948	11
1949	14
1950	11
1951	14
1952	7
1953	8
1954	5
1955	17
1956	6
1957	8
1958	10
1959	25
1960	12
1961	16
1962	15
1963	12
1964	19
1965	7
1966	10
1967	6
1968	15
1969	7
1970	10
1971	16
1972	9
1973	6
1974	17
1975	8
1976	11
1977	11
1978	8
1979	6
1980	15
1981	9
1982	10
1983	12
1984	5
1985	14
1986	8
1987	12
1988	9
1989	9
1990	8
1991	13
1992	8
1993	10
1994	14
1995	5
1996	8
1997	9
1998	12
1999	11
2000	5
2001	7
2002	12
2003	10
2004	10
2005	10
2006	10
2007	10
2008	11
2009	9
2010	12
2011	8
2012	9
2013	12
2014	9
2015	18
2016	8
2017	8
2018	9
2019	12
2020	11
2021	13
2022	12
2023	10
2024	12
2025	13
2026	15
2027	9
2028	8
2029	3
2030	6
2031	8
2032	7
2033	6
2034	7
2035	8
2036	9
2037	8
2038	11
2039	7
2040	10
2041	10
2042	11
2043	10
2044	7
2045	6
2046	5
2047	12
2048	6
2049	3
2050	9
2051	11
2052	12
2053	7
2054	9
2055	8
2056	10
2057	13
2058	12
2059	18
2060	5
2061	9
2062	9
2063	10
2064	11
2065	12
2066	3
2067	7
2068	7
2069	9
2070	7
2071	11
2072	5
2073	6
2074	10
2075	6
2076	6
2077	6
2078	8
2079	15
2080	9
2081	6
2082	12
2083	11
2084	8
2085	7
2086	11
2087	10
2088	10
2089	8
2090	12
2091	8
2092	9
2093	12
2094	13
2095	9
2096	13
2097	8
2098	8
2099	10
2100	9
2101	5
2102	11
2103	10
2104	11
2105	8
2106	5
2107	7
2108	5
2109	16
2110	2
2111	8
2112	7
2113	5
2114	12
2115	9
2116	6
2117	13
2118	9
2119	7
2120	12
2121	9
2122	10
2123	10
2124	9
2125	5
2126	6
2127	5
2128	9
2129	9
2130	14
2131	7
2132	9
2133	10
2134	7
2135	7
2136	9
2137	5
2138	8
2139	8
2140	3
2141	17
2142	10
2143	5
2144	6
2145	5
2146	12
2147	10
2148	9
2149	7
2150	9
2151	7
2152	12
2153	8
2154	5
2155	8
2156	7
2157	7
2158	9
2159	8
2160	7
2161	13
2162	9
2163	7
2164	9
2165	8
2166	9
2167	4
2168	9
2169	12
2170	13
2171	9
2172	3
2173	15
2174	9
2175	10
2176	5
2177	4
2178	8
2179	9
2180	10
2181	8
2182	9
2183	7
2184	6
2185	14
2186	8
2187	4
2188	8
2189	12
2190	5
2191	6
2192	7
2193	6
2194	13
2195	7
2196	13
2197	7
2198	9
2199	3
2200	7
2201	7
2202	6
2203	9
2204	8
2205	13
2206	7
2207	7
2208	6
2209	8
2210	6
2211	4
2212	6
2213	12
2214	4
2215	11
2216	13
2217	4
2218	9
2219	7
2220	5
2221	9
2222	8
2223	8
2224	8
2225	11
2226	12
2227	9
2228	10
2229	11
2230	8
2231	5
2232	5
2233	5
2234	12
2235	9
2236	9
2237	5
2238	7
2239	8
2240	6
2241	6
2242	12
2243	5
2244	3
2245	7
2246	7
2247	5
2248	6
2249	8
2250	8
2251	8
2252	4
2253	8
2254	9
2255	9
2256	10
2257	8
2258	8
2259	9
2260	11
2261	12
2262	8
2263	5
2264	6
2265	8
2266	10
2267	10
2268	13
2269	7
2270	6
2271	4
2272	4
2273	6
2274	12
2275	9
2276	10
2277	9
2278	9
2279	10
2280	8
2281	10
2282	7
2283	8
2284	7
2285	9
2286	8
2287	4
2288	11
2289	7
2290	8
2291	7
2292	7
2293	10
2294	8
2295	10
2296	8
2297	2
2298	6
2299	6
2300	10
2301	8
2302	10
2303	8
2304	12
2305	5
2306	9
2307	10
2308	10
2309	6
2310	3
2311	11
2312	12
2313	14
2314	10
2315	9
2316	9
2317	7
2318	2
2319	7
2320	10
2321	2
2322	9
2323	8
2324	10
2325	11
2326	13
2327	2
2328	6
2329	6
2330	6
2331	12
2332	12
2333	7
2334	3
2335	5
2336	7
2337	5
2338	4
2339	10
2340	9
2341	4
2342	8
2343	10
2344	4
2345	7
2346	5
2347	10
2348	3
2349	5
2350	6
2351	1
2352	10
2353	11
2354	12
2355	8
2356	9
2357	9
2358	13
2359	10
2360	6
2361	3
2362	5
2363	5
2364	8
2365	7
2366	4
2367	6
2368	10
2369	12
2370	10
2371	9
2372	10
2373	2
2374	10
2375	6
2376	5
2377	8
2378	11
2379	6
2380	4
2381	10
2382	10
2383	8
2384	8
2385	4
2386	8
2387	4
2388	9
2389	7
2390	8
2391	10
2392	5
2393	6
2394	13
2395	5
2396	9
2397	6
2398	8
2399	7
2400	7
2401	6
2402	7
2403	10
2404	10
2405	4
2406	5
2407	7
2408	9
2409	6
2410	9
2411	8
2412	8
2413	1
2414	6
2415	12
2416	7
2417	9
2418	11
2419	10
2420	18
2421	8
2422	7
2423	6
2424	4
2425	3
2426	9
2427	10
2428	4
2429	3
2430	2
2431	12
2432	5
2433	7
2434	9
2435	6
2436	7
2437	7
2438	12
2439	5
2440	8
2441	3
2442	3
2443	6
2444	8
2445	9
2446	5
2447	9
2448	10
2449	6
2450	6
2451	9
2452	7
2453	11
2454	5
2455	10
2456	10
2457	6
2458	10
2459	11
2460	8
2461	9
2462	11
2463	11
2464	9
2465	6
2466	5
2467	5
2468	4
2469	10
2470	7
2471	8
2472	5
2473	9
2474	9
2475	8
2476	9
2477	2
2478	4
2479	8
2480	13
2481	11
2482	5
2483	6
2484	7
2485	6
2486	8
2487	10
2488	11
2489	8
2490	6
2491	6
2492	6
2493	8
2494	6
2495	7
2496	13
2497	10
2498	11
2499	8
2500	9
2501	3
2502	7
2503	7
2504	4
2505	4
2506	14
2507	8
2508	8
2509	11
2510	10
2511	9
2512	13
2513	7
2514	10
2515	8
2516	5
2517	8
2518	8
2519	10
2520	11
2521	6
2522	13
2523	7
2524	7
2525	7
2526	12
2527	11
2528	12
2529	10
2530	8
2531	11
2532	8
2533	11
2534	7
2535	7
2536	8
2537	6
2538	3
2539	8
2540	11
2541	11
2542	6
2543	11
2544	12
2545	16
2546	13
2547	7
2548	9
2549	13
2550	9
2551	10
2552	15
2553	9
2554	7
2555	14
2556	13
2557	9
2558	12
2559	12
2560	8
2561	12
2562	10
2563	17
2564	13
2565	10
2566	14
2567	18
2568	9
2569	8
2570	11
2571	9
2572	12
2573	13
2574	15
2575	9
2576	18
2577	10
2578	10
2579	15
2580	15
2581	15
2582	12
2583	9
2584	14
2585	19
2586	14
2587	14
2588	18
2589	11
2590	16
2591	7
2592	11
2593	19
2594	18
2595	13
2596	23
2597	20
2598	25
2599	18
2600	14
2601	9
2602	11
2603	14
2604	10
2605	15
2606	18
2607	22
2608	14
2609	12
2610	23
2611	26
2612	11
2613	16
2614	22
2615	14
2616	17
2617	22
2618	18
2619	16
2620	21
2621	19
2622	13
2623	27
2624	22
2625	20
2626	20
2627	22
2628	22
2629	25
2630	14
2631	19
2632	24
2633	23
2634	25
2635	18
2636	30
2637	22
2638	28
2639	42
2640	32
2641	23
2642	24
2643	20
2644	31
2645	29
2646	24
2647	27
2648	25
2649	24
2650	25
2651	32
2652	37
2653	37
2654	30
2655	38
2656	28
2657	35
2658	42
2659	37
2660	42
2661	31
2662	34
2663	37
2664	39
2665	46
2666	26
2667	34
2668	28
2669	40
2670	43
2671	44
2672	39
2673	43
2674	38
2675	41
2676	33
2677	44
2678	50
2679	40
2680	36
2681	45
2682	51
2683	44
2684	36
2685	36
2686	50
2687	50
2688	35
2689	47
2690	43
2691	55
2692	47
2693	55
2694	54
2695	47
2696	38
2697	53
2698	58
2699	57
2700	57
2701	55
2702	54
2703	63
2704	66
2705	61
2706	62
2707	70
2708	53
2709	53
2710	53
2711	63
2712	72
2713	56
2714	78
2715	68
2716	63
2717	63
2718	69
2719	54
2720	65
2721	75
2722	70
2723	80
2724	58
2725	77
2726	47
2727	71
2728	65
2729	70
2730	61
2731	74
2732	67
2733	95
2734	71
2735	88
2736	84
2737	89
2738	71
2739	82
2740	82
2741	68
2742	85
2743	78
2744	79
2745	76
2746	83
2747	84
2748	97
2749	70
2750	71
2751	96
2752	77
2753	82
2754	90
2755	84
2756	81
2757	87
2758	87
2759	97
2760	97
2761	88
2762	80
2763	82
2764	74
2765	85
2766	99
2767	84
2768	81
2769	75
2770	83
2771	104
2772	101
2773	92
2774	104
2775	113
2776	90
2777	91
2778	102
2779	101
2780	99
2781	94
2782	104
2783	85
2784	125
2785	118
2786	93
2787	110
2788	101
2789	103
2790	93
2791	95
2792	92
2793	78
2794	97
2795	107
2796	123
2797	95
2798	105
2799	99
2800	93
2801	106
2802	98
2803	117
2804	96
2805	99
2806	93
2807	115
2808	120
2809	116
2810	122
2811	99
2812	114
2813	118
2814	101
2815	102
2816	97
2817	109
2818	110
2819	124
2820	92
2821	107
2822	108
2823	100
2824	96
2825	115
2826	93
2827	97
2828	124
2829	95
2830	115
2831	108
2832	119
2833	104
2834	115
2835	101
2836	134
2837	87
2838	107
2839	118
2840	81
2841	106
2842	110
2843	101
2844	119
2845	95
2846	96
2847	97
2848	87
2849	102
2850	110
2851	116
2852	94
2853	88
2854	103
2855	114
2856	109
2857	105
2858	116
2859	95
2860	125
2861	99
2862	96
2863	115
2864	97
2865	109
2866	91
2867	99
2868	94
2869	97
2870	94
2871	92
2872	101
2873	105
2874	93
2875	86
2876	87
2877	100
2878	85
2879	96
2880	108
2881	94
2882	84
2883	75
2884	104
2885	78
2886	96
2887	101
2888	95
2889	84
2890	99
2891	94
2892	92
2893	81
2894	81
2895	89
2896	86
2897	92
2898	93
2899	70
2900	82
2901	72
2902	82
2903	75
2904	62
2905	81
2906	61
2907	74
2908	79
2909	88
2910	77
2911	79
2912	85
2913	82
2914	79
2915	78
2916	83
2917	82
2918	64
2919	68
2920	63
2921	60
2922	54
2923	69
2924	69
2925	58
2926	63
2927	62
2928	60
2929	68
2930	62
2931	67
2932	63
2933	63
2934	57
2935	58
2936	44
2937	49
2938	54
2939	47
2940	66
2941	60
2942	53
2943	66
2944	53
2945	47
2946	60
2947	51
2948	41
2949	41
2950	40
2951	50
2952	50
2953	42
2954	25
2955	51
2956	48
2957	33
2958	35
2959	41
2960	29
2961	32
2962	31
2963	48
2964	50
2965	40
2966	36
2967	25
2968	34
2969	32
2970	34
2971	35
2972	34
2973	31
2974	36
2975	36
2976	35
2977	34
2978	33
2979	30
2980	34
2981	27
2982	29
2983	33
2984	24
2985	34
2986	37
2987	28
2988	29
2989	34
2990	27
2991	25
2992	25
2993	30
2994	26
2995	21
2996	16
2997	17
2998	27
2999	32
3000	24
3001	17
3002	25
3003	22
3004	16
3005	13
3006	23
3007	12
3008	24
3009	20
3010	8
3011	14
3012	24
3013	23
3014	16
3015	16
3016	17
3017	16
3018	20
3019	9
3020	16
3021	17
3022	14
3023	15
3024	11
3025	11
3026	26
3027	16
3028	14
3029	11
3030	9
3031	14
3032	10
3033	13
3034	11
3035	13
3036	8
3037	10
3038	19
3039	8
3040	9
3041	9
3042	7
3043	11
3044	13
3045	9
3046	12
3047	13
3048	4
3049	11
3050	6
3051	5
3052	8
3053	15
3054	11
3055	11
3056	7
3057	6
3058	11
3059	12
3060	5
3061	7
3062	6
3063	8
3064	4
3065	7
3066	9
3067	9
3068	8
3069	3
3070	6
3071	10
3072	5
3073	9
3074	4
3075	8
3076	10
3077	13
3078	4
3079	10
3080	5
3081	6
3082	4
3083	4
3084	6
3085	9
3086	11
3087	5
3088	3
3089	9
3090	7
3091	7
3092	11
3093	11
3094	6
3095	5
3096	5
3097	7
3098	2
3099	6
3100	7
3101	6
3102	8
3103	6
3104	11
3105	5
3106	6
3107	5
3108	2
3109	7
3110	7
3111	4
3112	5
3113	6
3114	6
3115	5
3116	6
3117	3
3118	5
3119	4
3120	6
3121	2
3122	7
3123	8
3124	7
3125	2
3126	7
3127	6
3128	4
3129	7
3130	3
3131	3
3132	7
3133	6
3134	3
3135	2
3136	4
3137	9
3138	5
3139	6
3140	7
3141	4
3142	8
3143	3
3144	1
3145	1
3146	2
3147	7
3148	8
3149	3
3150	7
3151	3
3152	3
3153	6
3154	7
3155	6
3156	5
3157	4
3158	5
3159	6
3160	5
3161	5
3162	6
3163	6
3164	5
3165	5
3166	4
3167	5
3168	1
3169	4
3170	6
3171	2
3172	4
3173	6
3174	1
3175	2
3176	4
3177	2
3178	4
3179	8
3180	5
3181	5
3182	9
3183	9
3184	8
3185	3
3186	4
3187	3
3188	8
3189	5
3190	10
3191	3
3192	2
3193	8
3194	5
3195	5
3196	6
3197	7
3198	2
3199	5
3200	5
3201	3
3202	2
3203	4
3204	2
3205	6
3206	7
3207	3
3208	6
3209	9
3210	3
3211	3
3212	4
3213	6
3214	7
3215	7
3216	4
3217	7
3218	3
3219	6
3220	3
3221	6
3222	3
3223	5
3224	6
3225	4
3226	4
3227	4
3228	4
3229	7
3230	2
3231	5
3232	6
3233	2
3234	5
3235	3
3236	6
3237	11
3238	7
3239	6
3240	8
3241	4
3242	3
3243	1
3244	1
3245	3
3246	7
3247	3
3248	7
3249	3
3250	3
3251	5
3252	5
3253	6
3254	4
3255	6
3256	5
3257	4
3258	6
3259	5
3260	5
3261	10
3262	5
3263	8
3264	4
3265	5
3266	6
3267	5
3268	6
3269	6
3270	5
3271	10
3272	8
3273	7
3274	10
3275	6
3276	3
3277	4
3278	6
3279	13
3280	4
3281	7
3282	10
3283	8
3284	7
3285	3
3286	2
3287	5
3288	3
3289	5
3290	5
3291	6
3292	4
3293	9
3294	4
3295	6
3296	7
3297	11
3298	5
3299	7
3300	2
3301	2
3302	2
3303	9
3304	4
3305	4
3306	2
3307	4
3308	2
3309	4
3310	6
3311	1
3312	5
3313	7
3314	2
3315	3
3316	5
3317	4
3318	3
3319	5
3320	4
3321	6
3322	5
3323	5
3324	9
3325	5
3326	0
3327	4
3328	4
3329	5
3330	5
3331	2
3332	6
3333	6
3334	8
3335	4
3336	5
3337	3
3338	5
3339	6
3340	4
3341	7
3342	7
3343	6
3344	5
3345	6
3346	8
3347	6
3348	4
3349	2
3350	5
3351	5
3352	4
3353	7
3354	4
3355	4
3356	3
3357	2
3358	7
3359	3
3360	6
3361	7
3362	1
3363	11
3364	2
3365	4
3366	4
3367	4
3368	4
3369	6
3370	2
3371	3
3372	1
3373	2
3374	2
3375	4
3376	5
3377	3
3378	4
3379	4
3380	2
3381	4
3382	6
3383	7
3384	3
3385	5
3386	4
3387	6
3388	1
3389	8
3390	9
3391	8
3392	2
3393	5
3394	5
3395	8
3396	9
3397	4
3398	3
3399	4
3400	4
3401	3
3402	7
3403	4
3404	4
3405	3
3406	4
3407	2
3408	4
3409	1
3410	5
3411	7
3412	3
3413	9
3414	1
3415	8
3416	3
3417	4
3418	4
3419	10
3420	2
3421	2
3422	3
3423	6
3424	6
3425	3
3426	5
3427	7
3428	2
3429	3
3430	2
3431	7
3432	5
3433	6
3434	3
3435	4
3436	3
3437	6
3438	5
3439	3
3440	4
3441	3
3442	5
3443	7
3444	6
3445	3
3446	3
3447	8
3448	3
3449	1
3450	5
3451	8
3452	4
3453	3
3454	5
3455	6
3456	5
3457	7
3458	2
3459	3
3460	4
3461	7
3462	2
3463	6
3464	1
3465	4
3466	4
3467	4
3468	4
3469	6
3470	1
3471	2
3472	12
3473	5
3474	3
3475	5
3476	2
3477	5
3478	6
3479	5
3480	7
3481	2
3482	5
3483	4
3484	8
3485	6
3486	7
3487	5
3488	7
3489	5
3490	3
3491	7
3492	6
3493	5
3494	5
3495	5
3496	5
3497	4
3498	1
3499	4
3500	5
3501	4
3502	2
3503	7
3504	3
3505	2
3506	6
3507	3
3508	4
3509	10
3510	2
3511	3
3512	6
3513	6
3514	6
3515	4
3516	5
3517	3
3518	6
3519	5
3520	3
3521	2
3522	3
3523	3
3524	7
3525	5
3526	2
3527	5
3528	3
3529	4
3530	6
3531	5
3532	1
3533	7
3534	4
3535	2
3536	3
3537	8
3538	1
3539	3
3540	4
3541	4
3542	5
3543	7
3544	4
3545	3
3546	2
3547	8
3548	2
3549	3
3550	4
3551	5
3552	5
3553	11
3554	2
3555	1
3556	7
3557	9
3558	3
3559	4
3560	4
3561	7
3562	5
3563	4
3564	3
3565	6
3566	3
3567	4
3568	2
3569	7
3570	4
3571	3
3572	2
3573	8
3574	4
3575	3
3576	3
3577	3
3578	7
3579	5
3580	3
3581	4
3582	4
3583	3
3584	5
3585	7
3586	2
3587	3
3588	7
3589	2
3590	2
3591	5
3592	4
3593	7
3594	3
3595	8
3596	1
3597	2
3598	3
3599	6
3600	8
3601	3
3602	4
3603	4
3604	3
3605	1
3606	3
3607	6
3608	5
3609	1
3610	6
3611	1
3612	7
3613	4
3614	6
3615	10
3616	4
3617	3
3618	3
3619	5
3620	1
3621	3
3622	5
3623	3
3624	2
3625	8
3626	3
3627	2
3628	7
3629	3
3630	3
3631	0
3632	3
3633	4
3634	5
3635	5
3636	6
3637	6
3638	2
3639	2
3640	4
3641	5
3642	4
3643	5
3644	4
3645	3
3646	4
3647	3
3648	5
3649	6
3650	7
3651	5
3652	4
3653	5
3654	5
3655	1
3656	3
3657	5
3658	3
3659	4
3660	4
3661	4
3662	1
3663	2
3664	3
3665	3
3666	2
3667	3
3668	4
3669	2
3670	4
3671	5
3672	3
3673	4
3674	4
3675	4
3676	1
3677	3
3678	4
3679	4
3680	3
3681	3
3682	3
3683	3
3684	5
3685	7
3686	7
3687	4
3688	5
3689	3
3690	1
3691	5
3692	3
3693	4
3694	4
3695	5
3696	3
3697	5
3698	5
3699	2
3700	6
3701	7
3702	5
3703	9
3704	5
3705	7
3706	6
3707	1
3708	3
3709	3
3710	7
3711	1
3712	2
3713	3
3714	4
3715	4
3716	3
3717	7
3718	6
3719	3
3720	3
3721	5
3722	8
3723	5
3724	4
3725	2
3726	4
3727	2
3728	7
3729	5
3730	5
3731	5
3732	7
3733	2
3734	3
3735	1
3736	6
3737	5
3738	6
3739	6
3740	0
3741	2
3742	4
3743	1
3744	3
3745	4
3746	4
3747	4
3748	4
3749	2
3750	7
3751	4
3752	3
3753	6
3754	4
3755	1
3756	9
3757	4
3758	3
3759	3
3760	5
3761	5
3762	7
3763	6
3764	0
3765	4
3766	5
3767	8
3768	5
3769	5
3770	3
3771	8
3772	2
3773	4
3774	4
3775	4
3776	6
3777	7
3778	2
3779	4
3780	2
3781	4
3782	3
3783	6
3784	1
3785	3
3786	4
3787	8
3788	8
3789	8
3790	4
3791	3
3792	6
3793	4
3794	1
3795	4
3796	5
3797	7
3798	6
3799	3
3800	4
3801	7
3802	2
3803	3
3804	3
3805	3
3806	4
3807	3
3808	4
3809	4
3810	1
3811	6
3812	4
3813	6
3814	5
3815	3
3816	6
3817	7
3818	4
3819	4
3820	5
3821	3
3822	3
3823	2
3824	5
3825	3
3826	4
3827	0
3828	1
3829	8
3830	4
3831	5
3832	8
3833	13
3834	8
3835	7
3836	5
3837	3
3838	3
3839	2
3840	8
3841	3
3842	4
3843	7
3844	3
3845	2
3846	3
3847	6
3848	5
3849	4
3850	12
3851	7
3852	1
3853	3
3854	4
3855	5
3856	4
3857	6
3858	7
3859	7
3860	2
3861	9
3862	7
3863	5
3864	5
3865	5
3866	2
3867	3
3868	7
3869	3
3870	4
3871	5
3872	3
3873	3
3874	5
3875	2
3876	2
3877	7
3878	2
3879	5
3880	5
3881	5
3882	7
3883	3
3884	4
3885	6
3886	10
3887	6
3888	7
3889	4
3890	3
3891	3
3892	6
3893	5
3894	3
3895	2
3896	6
3897	5
3898	2
3899	3
3900	1
3901	7
3902	1
3903	0
3904	7
3905	5
3906	5
3907	2
3908	6
3909	5
3910	2
3911	5
3912	4
3913	7
3914	10
3915	1
3916	7
3917	4
3918	4
3919	2
3920	2
3921	3
3922	9
3923	4
3924	7
3925	3
3926	4
3927	5
3928	3
3929	6
3930	3
3931	6
3932	6
3933	5
3934	3
3935	5
3936	4
3937	3
3938	2
3939	7
3940	5
3941	4
3942	6
3943	5
3944	4
3945	8
3946	8
3947	10
3948	4
3949	6
3950	7
3951	4
3952	4
3953	3
3954	8
3955	5
3956	2
3957	9
3958	9
3959	4
3960	5
3961	5
3962	4
3963	5
3964	4
3965	5
3966	4
3967	9
3968	2
3969	2
3970	5
3971	6
3972	3
3973	5
3974	3
3975	2
3976	5
3977	8
3978	6
3979	6
3980	5
3981	4
3982	6
3983	9
3984	5
3985	8
3986	1
3987	8
3988	2
3989	5
3990	5
3991	5
3992	5
3993	6
3994	4
3995	9
3996	10
3997	4
3998	3
3999	5
4000	4
4001	6
4002	5
4003	3
4004	11
4005	3
4006	4
4007	3
4008	5
4009	2
4010	3
4011	6
4012	7
4013	4
4014	3
4015	10
4016	6
4017	5
4018	6
4019	5
4020	7
4021	9
4022	5
4023	4
4024	2
4025	5
4026	3
4027	7
4028	8
4029	8
4030	9
4031	5
4032	7
4033	2
4034	10
4035	6
4036	6
4037	4
4038	5
4039	6
4040	3
4041	4
4042	5
4043	4
4044	4
4045	4
4046	8
4047	4
4048	9
4049	6
4050	4
4051	3
4052	4
4053	6
4054	5
4055	4
4056	4
4057	8
4058	1
4059	6
4060	4
4061	6
4062	4
4063	6
4064	4
4065	1
4066	7
4067	2
4068	3
4069	6
4070	5
4071	2
4072	1
4073	6
4074	4
4075	6
4076	9
4077	9
4078	2
4079	6
4080	5
4081	2
4082	8
4083	11
4084	2
4085	4
4086	7
4087	6
4088	5
4089	3
4090	1
4091	4
4092	5
4093	5
4094	3
4095	5
4096	5
4097	6
4098	4
4099	5
4100	2
4101	6
4102	2
4103	3
4104	6
4105	5
4106	6
4107	5
4108	5
4109	5
4110	6
4111	4
4112	8
4113	2
4114	5
4115	9
4116	3
4117	5
4118	4
4119	3
4120	1
4121	4
4122	4
4123	6
4124	4
4125	4
4126	3
4127	5
4128	2
4129	3
4130	4
4131	4
4132	4
4133	4
4134	3
4135	4
4136	3
4137	11
4138	3
4139	4
4140	4
4141	6
4142	5
4143	6
4144	3
4145	6
4146	6
4147	4
4148	4
4149	4
4150	1
4151	11
4152	2
4153	5
4154	3
4155	3
4156	3
4157	2
4158	4
4159	3
4160	3
4161	2
4162	4
4163	3
4164	5
4165	4
4166	4
4167	3
4168	7
4169	5
4170	5
4171	8
4172	4
4173	7
4174	11
4175	4
4176	4
4177	2
4178	5
4179	6
4180	10
4181	0
4182	3
4183	3
4184	3
4185	4
4186	5
4187	4
4188	3
4189	1
4190	0
4191	6
4192	4
4193	4
4194	3
4195	3
4196	4
4197	6
4198	5
4199	3
4200	3
4201	0
4202	6
4203	6
4204	4
4205	2
4206	3
4207	4
4208	2
4209	5
4210	6
4211	2
4212	5
4213	4
4214	5
4215	4
4216	3
4217	6
4218	3
4219	4
4220	4
4221	4
4222	7
4223	3
4224	3
4225	5
4226	7
4227	2
4228	6
4229	4
4230	1
4231	6
4232	4
4233	1
4234	8
4235	1
4236	3
4237	8
4238	2
4239	6
4240	2
4241	7
4242	1
4243	1
4244	3
4245	4
4246	6
4247	2
4248	9
4249	2
4250	3
4251	6
4252	3
4253	9
4254	4
4255	6
4256	3
4257	3
4258	7
4259	2
4260	2
4261	1
4262	4
4263	4
4264	2
4265	3
4266	3
4267	2
4268	3
4269	2
4270	3
4271	4
4272	4
4273	3
4274	4
4275	3
4276	2
4277	1
4278	4
4279	8
4280	5
4281	2
4282	2
4283	6
4284	1
4285	4
4286	3
4287	1
4288	6
4289	6
4290	3
4291	8
4292	2
4293	4
4294	2
4295	5
4296	4
4297	6
4298	2
4299	6
4300	6
4301	5
4302	9
4303	5
4304	3
4305	2
4306	5
4307	0
4308	4
4309	5
4310	3
4311	2
4312	5
4313	3
4314	9
4315	6
4316	1
4317	6
4318	3
4319	2
4320	3
4321	5
4322	3
4323	3
4324	5
4325	5
4326	2
4327	9
4328	4
4329	3
4330	6
4331	6
4332	2
4333	4
4334	2
4335	5
4336	4
4337	3
4338	7
4339	3
4340	3
4341	3
4342	6
4343	6
4344	4
4345	4
4346	11
4347	3
4348	3
4349	4
4350	8
4351	4
4352	6
4353	9
4354	3
4355	5
4356	7
4357	4
4358	4
4359	5
4360	3
4361	0
4362	8
4363	4
4364	3
4365	4
4366	5
4367	4
4368	3
4369	4
4370	6
4371	8
4372	2
4373	5
4374	2
4375	5
4376	5
4377	8
4378	0
4379	3
4380	4
4381	2
4382	3
4383	4
4384	2
4385	4
4386	2
4387	5
4388	1
4389	5
4390	3
4391	4
4392	5
4393	8
4394	1
4395	2
4396	3
4397	8
4398	3
4399	3
4400	4
4401	3
4402	4
4403	2
4404	6
4405	4
4406	3
4407	2
4408	2
4409	3
4410	4
4411	2
4412	4
4413	0
4414	7
4415	8
4416	2
4417	3
4418	4
4419	1
4420	3
4421	2
4422	4
4423	2
4424	2
4425	6
4426	2
4427	2
4428	8
4429	1
4430	4
4431	3
4432	1
4433	6
4434	2
4435	7
4436	3
4437	9
4438	2
4439	6
4440	2
4441	3
4442	1
4443	1
4444	0
4445	6
4446	4
4447	3
4448	6
4449	2
4450	1
4451	3
4452	2
4453	3
4454	2
4455	4
4456	3
4457	2
4458	1
4459	3
4460	4
4461	2
4462	7
4463	6
4464	1
4465	4
4466	2
4467	8
4468	6
4469	3
4470	4
4471	8
4472	0
4473	5
4474	6
4475	4
4476	6
4477	4
4478	5
4479	4
4480	4
4481	5
4482	2
4483	4
4484	5
4485	3
4486	2
4487	6
4488	4
4489	1
4490	3
4491	4
4492	4
4493	6
4494	6
4495	1
4496	3
4497	5
4498	5
4499	3
4500	2
4501	3
4502	2
4503	3
4504	3
4505	2
4506	1
4507	4
4508	3
4509	4
4510	3
4511	4
4512	8
4513	4
4514	3
4515	8
4516	8
4517	7
4518	2
4519	5
4520	6
4521	2
4522	4
4523	2
4524	4
4525	4
4526	4
4527	2
4528	3
4529	7
4530	6
4531	2
4532	0
4533	5
4534	2
4535	4
4536	2
4537	3
4538	3
4539	8
4540	5
4541	5
4542	4
4543	2
4544	5
4545	6
4546	1
4547	2
4548	2
4549	5
4550	1
4551	3
4552	6
4553	3
4554	3
4555	2
4556	4
4557	3
4558	1
4559	3
4560	4
4561	4
4562	1
4563	6
4564	2
4565	1
4566	1
4567	5
4568	4
4569	5
4570	7
4571	2
4572	1
4573	2
4574	3
4575	4
4576	2
4577	3
4578	4
4579	4
4580	5
4581	1
4582	3
4583	5
4584	3
4585	3
4586	5
4587	10
4588	5
4589	0
4590	2
4591	1
4592	7
4593	3
4594	4
4595	5
4596	6
4597	3
4598	6
4599	6
4600	3
4601	2
4602	4
4603	5
4604	2
4605	8
4606	2
4607	5
4608	4
4609	7
4610	2
4611	5
4612	3
4613	2
4614	2
4615	2
4616	5
4617	2
4618	0
4619	0
4620	1
4621	4
4622	2
4623	2
4624	7
4625	4
4626	6
4627	3
4628	3
4629	5
4630	3
4631	7
4632	6
4633	2
4634	2
4635	2
4636	3
4637	3
4638	4
4639	3
4640	1
4641	1
4642	2
4643	4
4644	2
4645	4
4646	2
4647	2
4648	5
4649	5
4650	1
4651	3
4652	4
4653	6
4654	3
4655	3
4656	1
4657	4
4658	3
4659	2
4660	6
4661	2
4662	1
4663	2
4664	1
4665	4
4666	2
4667	4
4668	5
4669	3
4670	5
4671	3
4672	2
4673	5
4674	4
4675	4
4676	2
4677	4
4678	1
4679	7
4680	1
4681	2
4682	3
4683	1
4684	1
4685	2
4686	3
4687	2
4688	3
4689	4
4690	3
4691	1
4692	6
4693	3
4694	1
4695	5
4696	2
4697	4
4698	6
4699	4
4700	2
4701	1
4702	2
4703	2
4704	4
4705	3
4706	3
4707	3
4708	3
4709	2
4710	1
4711	5
4712	5
4713	1
4714	4
4715	5
4716	3
4717	5
4718	6
4719	4
4720	6
4721	3
4722	6
4723	2
4724	1
4725	3
4726	4
4727	2
4728	2
4729	3
4730	3
4731	6
4732	1
4733	3
4734	2
4735	2
4736	5
4737	3
4738	3
4739	2
4740	7
4741	1
4742	5
4743	0
4744	6
4745	5
4746	5
4747	8
4748	1
4749	2
4750	5
4751	4
4752	4
4753	3
4754	2
4755	3
4756	5
4757	3
4758	1
4759	2
4760	1
4761	4
4762	2
4763	5
4764	2
4765	5
4766	2
4767	4
4768	2
4769	1
4770	5
4771	4
4772	5
4773	4
4774	3
4775	2
4776	3
4777	5
4778	6
4779	5
4780	5
4781	2
4782	3
4783	4
4784	4
4785	6
4786	3
4787	5
4788	1
4789	6
4790	1
4791	5
4792	4
4793	3
4794	5
4795	6
4796	4
4797	3
4798	6
4799	5
4800	2
4801	3
4802	3
4803	2
4804	2
4805	1
4806	4
4807	6
4808	7
4809	4
4810	2
4811	5
4812	5
4813	4
4814	3
4815	3
4816	2
4817	2
4818	4
4819	2
4820	3
4821	6
4822	7
4823	4
4824	3
4825	1
4826	2
4827	2
4828	3
4829	4
4830	1
4831	4
4832	2
4833	4
4834	2
4835	4
4836	2
4837	4
4838	2
4839	2
4840	2
4841	1
4842	2
4843	3
4844	3
4845	12
4846	1
4847	6
4848	3
4849	2
4850	6
4851	4
4852	6
4853	4
4854	5
4855	1
4856	6
4857	0
4858	3
4859	8
4860	4
4861	4
4862	3
4863	1
4864	0
4865	3
4866	8
4867	4
4868	6
4869	4
4870	2
4871	7
4872	3
4873	2
4874	6
4875	4
4876	1
4877	6
4878	5
4879	3
4880	8
4881	1
4882	3
4883	3
4884	5
4885	5
4886	5
4887	4
4888	4
4889	7
4890	0
4891	1
4892	3
4893	0
4894	6
4895	4
4896	3
4897	0
4898	4
4899	2
4900	1
4901	4
4902	3
4903	1
4904	7
4905	5
4906	4
4907	6
4908	2
4909	2
4910	5
4911	2
4912	7
4913	2
4914	0
4915	2
4916	1
4917	4
4918	4
4919	5
4920	4
4921	2
4922	4
4923	2
4924	1
4925	1
4926	3
4927	1
4928	4
4929	2
4930	6
4931	5
4932	6
4933	1
4934	3
4935	4
4936	3
4937	7
4938	2
4939	6
4940	4
4941	6
4942	4
4943	2
4944	7
4945	4
4946	3
4947	3
4948	3
4949	9
4950	6
4951	1
4952	3
4953	3
4954	3
4955	3
4956	3
4957	2
4958	3
4959	4
4960	3
4961	3
4962	7
4963	0
4964	2
4965	6
4966	4
4967	3
4968	5
4969	5
4970	4
4971	8
4972	2
4973	7
4974	5
4975	3
4976	4
4977	1
4978	2
4979	5
4980	5
4981	3
4982	8
4983	3
4984	2
4985	4
4986	7
4987	5
4988	5
4989	1
4990	2
4991	7
4992	3
4993	0
4994	3
4995	4
4996	2
4997	5
4998	5
4999	2
5000	3
5001	5
5002	6
5003	3
5004	2
5005	5
5006	2
5007	7
5008	5
5009	2
5010	4
5011	1
5012	2
5013	3
5014	4
5015	3
5016	6
5017	3
5018	2
5019	8
5020	3
5021	3
5022	5
5023	4
5024	5
5025	3
5026	4
5027	0
5028	3
5029	5
5030	2
5031	5
5032	3
5033	3
5034	3
5035	1
5036	2
5037	5
5038	0
5039	0
5040	4
5041	3
5042	8
5043	9
5044	4
5045	0
5046	8
5047	7
5048	6
5049	6
5050	4
5051	1
5052	3
5053	5
5054	4
5055	2
5056	6
5057	3
5058	3
5059	3
5060	5
5061	3
5062	6
5063	2
5064	7
5065	5
5066	3
5067	1
5068	1
5069	9
5070	2
5071	5
5072	5
5073	1
5074	3
5075	6
5076	2
5077	4
5078	8
5079	2
5080	7
5081	3
5082	7
5083	3
5084	4
5085	3
5086	1
5087	4
5088	4
5089	6
5090	1
5091	7
5092	6
5093	3
5094	8
5095	4
5096	3
5097	2
5098	6
5099	4
5100	1
5101	6
5102	6
5103	3
5104	1
5105	6
5106	3
5107	6
5108	5
5109	2
5110	5
5111	5
5112	4
5113	1
5114	5
5115	3
5116	3
5117	9
5118	4
5119	2
5120	5
5121	4
5122	5
5123	3
5124	5
5125	6
5126	8
5127	2
5128	4
5129	3
5130	4
5131	3
5132	1
5133	4
5134	3
5135	3
5136	5
5137	4
5138	1
5139	3
5140	3
5141	4
5142	8
5143	6
5144	2
5145	6
5146	8
5147	4
5148	9
5149	5
5150	2
5151	3
5152	4
5153	3
5154	3
5155	4
5156	3
5157	3
5158	2
5159	6
5160	3
5161	7
5162	2
5163	2
5164	4
5165	5
5166	7
5167	2
5168	5
5169	4
5170	4
5171	4
5172	4
5173	3
5174	3
5175	5
5176	6
5177	4
5178	10
5179	4
5180	6
5181	3
5182	1
5183	2
5184	5
5185	3
5186	3
5187	5
5188	2
5189	0
5190	1
5191	3
5192	3
5193	2
5194	3
5195	3
5196	3
5197	5
5198	2
5199	4
5200	4
5201	6
5202	4
5203	4
5204	4
5205	1
5206	4
5207	9
5208	4
5209	2
5210	8
5211	5
5212	3
5213	5
5214	4
5215	5
5216	2
5217	0
5218	3
5219	5
5220	3
5221	5
5222	5
5223	4
5224	7
5225	3
5226	5
5227	4
5228	7
5229	3
5230	7
5231	8
5232	5
5233	5
5234	3
5235	4
5236	1
5237	2
5238	7
5239	1
5240	3
5241	4
5242	3
5243	5
5244	4
5245	2
5246	5
5247	4
5248	3
5249	2
5250	0
5251	10
5252	5
5253	3
5254	7
5255	3
5256	4
5257	3
5258	2
5259	1
5260	5
5261	2
5262	0
5263	8
5264	8
5265	7
5266	6
5267	4
5268	1
5269	5
5270	3
5271	7
5272	10
5273	4
5274	2
5275	5
5276	4
5277	3
5278	8
5279	2
5280	4
5281	6
5282	5
5283	5
5284	6
5285	3
5286	5
5287	2
5288	4
5289	3
5290	3
5291	5
5292	4
5293	6
5294	4
5295	4
5296	9
5297	8
5298	1
5299	3
5300	1
5301	4
5302	4
5303	1
5304	3
5305	3
5306	3
5307	7
5308	0
5309	5
5310	5
5311	3
5312	4
5313	5
5314	4
5315	3
5316	3
5317	3
5318	4
5319	3
5320	4
5321	3
5322	4
5323	4
5324	5
5325	8
5326	8
5327	5
5328	9
5329	5
5330	2
5331	5
5332	0
5333	4
5334	3
5335	6
5336	3
5337	4
5338	6
5339	3
5340	3
5341	3
5342	6
5343	3
5344	3
5345	4
5346	0
5347	1
5348	6
5349	2
5350	2
5351	9
5352	7
5353	3
5354	8
5355	4
5356	1
5357	6
5358	6
5359	7
5360	6
5361	4
5362	5
5363	3
5364	2
5365	4
5366	7
5367	6
5368	7
5369	3
5370	2
5371	5
5372	3
5373	7
5374	2
5375	3
5376	6
5377	0
5378	6
5379	2
5380	0
5381	5
5382	1
5383	6
5384	3
5385	5
5386	2
5387	2
5388	4
5389	3
5390	3
5391	5
5392	4
5393	4
5394	5
5395	4
5396	4
5397	5
5398	2
5399	5
5400	5
5401	6
5402	1
5403	6
5404	3
5405	1
5406	2
5407	3
5408	1
5409	2
5410	2
5411	3
5412	6
5413	6
5414	5
5415	2
5416	5
5417	3
5418	0
5419	3
5420	2
5421	1
5422	4
5423	5
5424	2
5425	1
5426	2
5427	3
5428	2
5429	3
5430	3
5431	5
5432	2
5433	5
5434	9
5435	4
5436	1
5437	5
5438	5
5439	1
5440	2
5441	1
5442	1
5443	5
5444	7
5445	5
5446	6
5447	3
5448	5
5449	4
5450	3
5451	5
5452	4
5453	2
5454	2
5455	0
5456	3
5457	7
5458	5
5459	4
5460	3
5461	4
5462	3
5463	7
5464	4
5465	5
5466	1
5467	7
5468	3
5469	5
5470	2
5471	2
5472	4
5473	2
5474	3
5475	2
5476	5
5477	2
5478	3
5479	2
5480	1
5481	6
5482	5
5483	2
5484	1
5485	4
5486	5
5487	6
5488	3
5489	5
5490	3
5491	3
5492	6
5493	5
5494	3
5495	2
5496	4
5497	7
5498	1
5499	1
5500	4
5501	1
5502	4
5503	4
5504	5
5505	5
5506	1
5507	7
5508	4
5509	7
5510	2
5511	5
5512	4
5513	5
5514	7
5515	3
5516	4
5517	6
5518	4
5519	4
5520	5
5521	2
5522	2
5523	9
5524	4
5525	2
5526	2
5527	5
5528	2
5529	4
5530	5
5531	4
5532	5
5533	3
5534	6
5535	3
5536	3
5537	1
5538	5
5539	4
5540	0
5541	3
5542	3
5543	3
5544	1
5545	2
5546	5
5547	2
5548	4
5549	2
5550	3
5551	6
5552	5
5553	4
5554	6
5555	2
5556	3
5557	3
5558	2
5559	3
5560	5
5561	0
5562	3
5563	6
5564	3
5565	5
5566	4
5567	4
5568	1
5569	2
5570	2
5571	4
5572	6
5573	3
5574	5
5575	6
5576	1
5577	2
5578	4
5579	2
5580	4
5581	4
5582	2
5583	4
5584	1
5585	2
5586	3
5587	4
5588	2
5589	4
5590	4
5591	10
5592	5
5593	5
5594	1
5595	6
5596	6
5597	3
5598	2
5599	5
5600	6
5601	5
5602	5
5603	4
5604	3
5605	3
5606	2
5607	1
5608	2
5609	4
5610	2
5611	5
5612	2
5613	3
5614	1
5615	5
5616	5
5617	7
5618	7
5619	1
5620	3
5621	0
5622	5
5623	3
5624	1
5625	6
5626	2
5627	3
5628	3
5629	4
5630	2
5631	1
5632	3
5633	6
5634	3
5635	5
5636	5
5637	3
5638	3
5639	2
5640	0
5641	6
5642	3
5643	5
5644	2
5645	5
5646	4
5647	5
5648	5
5649	0
5650	2
5651	4
5652	3
5653	1
5654	5
5655	4
5656	3
5657	3
5658	4
5659	2
5660	3
5661	4
5662	8
5663	3
5664	4
5665	5
5666	1
5667	4
5668	2
5669	2
5670	7
5671	5
5672	5
5673	8
5674	5
5675	3
5676	7
5677	3
5678	4
5679	5
5680	7
5681	4
5682	4
5683	3
5684	1
5685	7
5686	4
5687	3
5688	3
5689	4
5690	2
5691	3
5692	2
5693	4
5694	5
5695	3
5696	4
5697	5
5698	2
5699	10
5700	2
5701	3
5702	2
5703	1
5704	2
5705	10
5706	6
5707	3
5708	1
5709	2
5710	4
5711	3
5712	3
5713	4
5714	6
5715	5
5716	5
5717	3
5718	3
5719	2
5720	3
5721	7
5722	5
5723	3
5724	3
5725	7
5726	3
5727	2
5728	4
5729	4
5730	3
5731	5
5732	7
5733	4
5734	2
5735	5
5736	4
5737	7
5738	4
5739	4
5740	5
5741	1
5742	3
5743	4
5744	4
5745	7
5746	1
5747	6
5748	5
5749	1
5750	3
5751	5
5752	3
5753	2
5754	2
5755	3
5756	4
5757	1
5758	1
5759	6
5760	5
5761	7
5762	5
5763	3
5764	7
5765	4
5766	9
5767	3
5768	3
5769	6
5770	3
5771	2
5772	4
5773	2
5774	0
5775	5
5776	2
5777	6
5778	5
5779	2
5780	6
5781	6
5782	4
5783	4
5784	7
5785	5
5786	3
5787	5
5788	3
5789	1
5790	1
5791	7
5792	4
5793	1
5794	1
5795	2
5796	4
5797	1
5798	5
5799	5
5800	2
5801	5
5802	6
5803	1
5804	2
5805	4
5806	2
5807	2
5808	2
5809	5
5810	3
5811	8
5812	3
5813	6
5814	6
5815	6
5816	2
5817	4
5818	2
5819	4
5820	6
5821	2
5822	7
5823	5
5824	2
5825	5
5826	4
5827	4
5828	1
5829	2
5830	3
5831	4
5832	6
5833	4
5834	8
5835	3
5836	7
5837	1
5838	3
5839	4
5840	1
5841	5
5842	5
5843	6
5844	5
5845	3
5846	2
5847	4
5848	2
5849	2
5850	3
5851	2
5852	5
5853	4
5854	3
5855	6
5856	3
5857	4
5858	1
5859	2
5860	4
5861	4
5862	3
5863	3
5864	3
5865	3
5866	3
5867	1
5868	4
5869	3
5870	4
5871	2
5872	4
5873	5
5874	6
5875	2
5876	0
5877	3
5878	3
5879	4
5880	4
5881	4
5882	4
5883	1
5884	6
5885	0
5886	3
5887	8
5888	4
5889	2
5890	5
5891	4
5892	6
5893	3
5894	5
5895	1
5896	1
5897	3
5898	5
5899	4
5900	3
5901	2
5902	2
5903	3
5904	3
5905	3
5906	4
5907	3
5908	0
5909	5
5910	7
5911	3
5912	2
5913	6
5914	4
5915	2
5916	5
5917	5
5918	3
5919	5
5920	3
5921	4
5922	4
5923	4
5924	4
5925	8
5926	1
5927	6
5928	5
5929	6
5930	5
5931	5
5932	2
5933	6
5934	2
5935	4
5936	4
5937	5
5938	3
5939	2
5940	3
5941	2
5942	2
5943	1
5944	3
5945	8
5946	5
5947	1
5948	2
5949	4
5950	0
5951	3
5952	3
5953	2
5954	6
5955	7
5956	5
5957	4
5958	2
5959	3
5960	5
5961	2
5962	3
5963	2
5964	1
5965	1
5966	4
5967	0
5968	1
5969	3
5970	3
5971	4
5972	1
5973	1
5974	3
5975	1
5976	6
5977	5
5978	3
5979	4
5980	5
5981	2
5982	1
5983	2
5984	3
5985	3
5986	3
5987	4
5988	2
5989	3
5990	4
5991	4
5992	1
5993	1
5994	2
5995	3
5996	1
5997	2
5998	3
5999	1
6000	6
6001	4
6002	7
6003	5
6004	4
6005	4
6006	1
6007	1
6008	0
6009	4
6010	4
6011	7
6012	2
6013	5
6014	1
6015	1
6016	1
6017	2
6018	1
6019	1
6020	4
6021	4
6022	5
6023	3
6024	3
6025	4
6026	1
6027	1
6028	2
6029	2
6030	1
6031	2
6032	1
6033	4
6034	2
6035	2
6036	4
6037	3
6038	3
6039	5
6040	3
6041	2
6042	2
6043	2
6044	1
6045	6
6046	2
6047	6
6048	4
6049	4
6050	0
6051	5
6052	4
6053	2
6054	4
6055	1
6056	2
6057	2
6058	3
6059	1
6060	2
6061	3
6062	4
6063	1
6064	1
6065	6
6066	2
6067	2
6068	2
6069	3
6070	0
6071	1
6072	1
6073	3
6074	2
6075	1
6076	3
6077	2
6078	4
6079	0
6080	1
6081	3
6082	2
6083	1
6084	5
6085	2
6086	6
6087	3
6088	3
6089	1
6090	5
6091	1
6092	3
6093	2
6094	0
6095	2
6096	2
6097	4
6098	2
6099	2
6100	1
6101	3
6102	6
6103	3
6104	1
6105	3
6106	2
6107	3
6108	2
6109	3
6110	1
6111	3
6112	1
6113	3
6114	3
6115	2
6116	1
6117	2
6118	6
6119	2
6120	4
6121	5
6122	2
6123	2
6124	5
6125	2
6126	2
6127	4
6128	6
6129	2
6130	0
6131	2
6132	0
6133	2
6134	4
6135	1
6136	2
6137	3
6138	1
6139	2
6140	4
6141	3
6142	1
6143	1
6144	0
6145	2
6146	4
6147	2
6148	2
6149	2
6150	0
6151	1
6152	3
6153	8
6154	2
6155	2
6156	1
6157	3
6158	2
6159	2
6160	2
6161	2
6162	2
6163	2
6164	2
6165	2
6166	6
6167	0
6168	2
6169	4
6170	1
6171	1
6172	0
6173	1
6174	4
6175	1
6176	3
6177	2
6178	3
6179	3
6180	4
6181	2
6182	1
6183	1
6184	3
6185	2
6186	1
6187	5
6188	0
6189	0
6190	3
6191	6
6192	1
6193	1
6194	5
6195	1
6196	4
6197	0
6198	1
6199	2
6200	6
6201	0
6202	0
6203	2
6204	2
6205	3
6206	1
6207	0
6208	2
6209	3
6210	1
6211	4
6212	2
6213	2
6214	1
6215	3
6216	1
6217	3
6218	4
6219	3
6220	6
6221	3
6222	3
6223	1
6224	2
6225	1
6226	4
6227	0
6228	5
6229	3
6230	2
6231	1
6232	1
6233	2
6234	3
6235	2
6236	4
6237	3
6238	2
6239	1
6240	1
6241	1
6242	1
6243	3
6244	1
6245	0
6246	0
6247	0
6248	1
6249	0
6250	1
6251	2
6252	1
6253	0
6254	0
6255	2
6256	2
6257	3
6258	3
6259	3
6260	1
6261	3
6262	3
6263	4
6264	4
6265	2
6266	2
6267	2
6268	1
6269	2
6270	0
6271	6
6272	3
6273	2
6274	2
6275	1
6276	0
6277	3
6278	4
6279	3
6280	2
6281	5
6282	0
6283	0
6284	1
6285	2
6286	1
6287	2
6288	0
6289	0
6290	3
6291	7
6292	3
6293	0
6294	3
6295	3
6296	3
6297	2
6298	0
6299	5
6300	0
6301	1
6302	0
6303	3
6304	1
6305	2
6306	1
6307	1
6308	1
6309	3
6310	2
6311	1
6312	0
6313	4
6314	0
6315	1
6316	3
6317	3
6318	2
6319	1
6320	1
6321	2
6322	2
6323	3
6324	1
6325	2
6326	2
6327	2
6328	1
6329	0
6330	3
6331	1
6332	2
6333	3
6334	1
6335	1
6336	1
6337	3
6338	1
6339	1
6340	3
6341	2
6342	1
6343	1
6344	0
6345	2
6346	3
6347	0
6348	1
6349	0
6350	1
6351	1
6352	0
6353	0
6354	0
6355	3
6356	0
6357	2
6358	2
6359	0
6360	4
6361	1
6362	1
6363	3
6364	6
6365	3
6366	0
6367	2
6368	1
6369	2
6370	0
6371	0
6372	2
6373	4
6374	0
6375	2
6376	2
6377	0
6378	1
6379	3
6380	2
6381	2
6382	1
6383	0
6384	5
6385	1
6386	4
6387	2
6388	2
6389	0
6390	1
6391	1
6392	2
6393	0
6394	2
6395	3
6396	1
6397	1
6398	1
6399	4
6400	2
6401	2
6402	1
6403	2
6404	2
6405	2
6406	4
6407	2
6408	1
6409	3
6410	0
6411	2
6412	2
6413	2
6414	0
6415	2
6416	3
6417	2
6418	3
6419	0
6420	1
6421	0
6422	0
6423	0
6424	5
6425	2
6426	1
6427	3
6428	3
6429	1
6430	0
6431	0
6432	1
6433	1
6434	1
6435	2
6436	2
6437	1
6438	0
6439	4
6440	0
6441	1
6442	0
6443	0
6444	0
6445	0
6446	0
6447	4
6448	0
6449	3
6450	0
6451	2
6452	1
6453	0
6454	2
6455	2
6456	3
6457	1
6458	3
6459	1
6460	3
6461	1
6462	2
6463	3
6464	1
6465	0
6466	2
6467	4
6468	1
6469	0
6470	2
6471	3
6472	3
6473	2
6474	0
6475	0
6476	2
6477	3
6478	3
6479	1
6480	3
6481	4
6482	1
6483	4
6484	0
6485	1
6486	2
6487	0
6488	1
6489	1
6490	1
6491	3
6492	2
6493	4
6494	1
6495	2
6496	2
6497	1
6498	1
6499	1
6500	3
6501	1
6502	2
6503	1
6504	1
6505	3
6506	1
6507	5
6508	3
6509	1
6510	0
6511	0
6512	1
6513	1
6514	2
6515	2
6516	1
6517	3
6518	3
6519	0
6520	2
6521	2
6522	1
6523	3
6524	1
6525	3
6526	3
6527	1
6528	1
6529	1
6530	1
6531	3
6532	1
6533	3
6534	1
6535	3
6536	1
6537	3
6538	0
6539	1
6540	0
6541	0
6542	2
6543	1
6544	0
6545	0
6546	1
6547	2
6548	1
6549	0
6550	0
6551	4
6552	1
6553	3
6554	2
6555	3
6556	0
6557	0
6558	1
6559	0
6560	0
6561	0
6562	0
6563	1
6564	1
6565	4
6566	2
6567	0
6568	3
6569	4
6570	3
6571	1
6572	2
6573	2
6574	1
6575	2
6576	4
6577	0
6578	1
6579	1
6580	2
6581	1
6582	6
6583	2
6584	2
6585	2
6586	0
6587	2
6588	3
6589	1
6590	3
6591	3
6592	1
6593	1
6594	3
6595	1
6596	1
6597	2
6598	0
6599	1
6600	1
6601	0
6602	3
6603	1
6604	1
6605	0
6606	1
6607	6
6608	2
6609	0
6610	2
6611	0
6612	5
6613	0
6614	3
6615	3
6616	1
6617	2
6618	0
6619	2
6620	2
6621	4
6622	2
6623	0
6624	2
6625	1
6626	1
6627	0
6628	2
6629	1
6630	0
6631	1
6632	0
6633	0
6634	1
6635	0
6636	0
6637	2
6638	1
6639	4
6640	0
6641	0
6642	1
6643	2
6644	1
6645	2
6646	0
6647	1
6648	0
6649	0
6650	0
6651	1
6652	1
6653	0
6654	5
6655	1
6656	2
6657	0
6658	1
6659	0
6660	2
6661	1
6662	2
6663	0
6664	2
6665	1
6666	1
6667	3
6668	0
6669	3
6670	1
6671	2
6672	1
6673	3
6674	1
6675	2
6676	1
6677	0
6678	4
6679	0
6680	2
6681	1
6682	2
6683	2
6684	0
6685	1
6686	0
6687	1
6688	1
6689	3
6690	0
6691	3
6692	0
6693	2
6694	1
6695	3
6696	1
6697	1
6698	1
6699	5
6700	5
6701	2
6702	3
6703	1
6704	3
6705	3
6706	4
6707	1
6708	1
6709	0
6710	2
6711	1
6712	1
6713	2
6714	2
6715	0
6716	0
6717	3
6718	1
6719	1
6720	2
6721	1
6722	3
6723	3
6724	1
6725	2
6726	3
6727	0
6728	2
6729	0
6730	2
6731	1
6732	3
6733	2
6734	1
6735	2
6736	3
6737	5
6738	1
6739	3
6740	1
6741	1
6742	0
6743	1
6744	1
6745	1
6746	3
6747	2
6748	0
6749	3
6750	1
6751	0
6752	2
6753	1
6754	2
6755	3
6756	0
6757	0
6758	2
6759	0
6760	1
6761	2
6762	3
6763	0
6764	0
6765	0
6766	3
6767	4
6768	1
6769	1
6770	2
6771	5
6772	0
6773	0
6774	0
6775	2
6776	2
6777	0
6778	1
6779	0
6780	1
6781	4
6782	1
6783	3
6784	2
6785	3
6786	4
6787	2
6788	1
6789	1
6790	2
6791	1
6792	2
6793	0
6794	2
6795	1
6796	2
6797	3
6798	1
6799	2
6800	1
6801	0
6802	2
6803	3
6804	2
6805	0
6806	1
6807	3
6808	0
6809	1
6810	2
6811	2
6812	0
6813	3
6814	5
6815	3
6816	3
6817	2
6818	2
6819	0
6820	2
6821	1
6822	0
6823	2
6824	4
6825	0
6826	3
6827	3
6828	2
6829	1
6830	0
6831	4
6832	0
6833	4
6834	4
6835	1
6836	0
6837	1
6838	2
6839	3
6840	3
6841	2
6842	2
6843	3
6844	3
6845	1
6846	0
6847	4
6848	2
6849	4
6850	3
6851	1
6852	2
6853	2
6854	2
6855	1
6856	1
6857	2
6858	0
6859	4
6860	2
6861	3
6862	5
6863	2
6864	1
6865	3
6866	3
6867	0
6868	4
6869	2
6870	0
6871	1
6872	1
6873	1
6874	2
6875	1
6876	5
6877	2
6878	2
6879	2
6880	0
6881	1
6882	0
6883	1
6884	4
6885	1
6886	2
6887	2
6888	1
6889	3
6890	2
6891	3
6892	2
6893	3
6894	1
6895	3
6896	2
6897	1
6898	2
6899	5
6900	2
6901	0
6902	1
6903	5
6904	2
6905	4
6906	1
6907	1
6908	0
6909	3
6910	4
6911	2
6912	1
6913	4
6914	2
6915	2
6916	1
6917	3
6918	3
6919	4
6920	0
6921	4
6922	0
6923	1
6924	1
6925	0
6926	3
6927	5
6928	0
6929	0
6930	0
6931	1
6932	1
6933	3
6934	2
6935	4
6936	2
6937	5
6938	3
6939	3
6940	0
6941	1
6942	2
6943	3
6944	1
6945	4
6946	2
6947	2
6948	1
6949	1
6950	0
6951	4
6952	2
6953	1
6954	2
6955	0
6956	2
6957	1
6958	1
6959	2
6960	3
6961	3
6962	6
6963	2
6964	2
6965	3
6966	1
6967	2
6968	2
6969	4
6970	2
6971	2
6972	2
6973	1
6974	5
6975	2
6976	5
6977	3
6978	2
6979	4
6980	1
6981	3
6982	3
6983	2
6984	5
6985	2
6986	1
6987	4
6988	4
6989	6
6990	0
6991	2
6992	1
6993	4
6994	3
6995	8
6996	3
6997	2
6998	3
6999	2
7000	0
7001	4
7002	3
7003	6
7004	4
7005	5
7006	2
7007	2
7008	4
7009	2
7010	2
7011	7
7012	4
7013	3
7014	1
7015	3
7016	2
7017	1
7018	7
7019	0
7020	4
7021	3
7022	4
7023	4
7024	0
7025	3
7026	2
7027	5
7028	4
7029	4
7030	4
7031	4
7032	4
7033	2
7034	9
7035	1
7036	3
7037	6
7038	6
7039	3
7040	4
7041	7
7042	4
7043	4
7044	3
7045	5
7046	3
7047	3
7048	2
7049	3
7050	1
7051	4
7052	4
7053	9
7054	3
7055	2
7056	2
7057	4
7058	6
7059	4
7060	2
7061	4
7062	6
7063	5
7064	4
7065	7
7066	3
7067	1
7068	2
7069	7
7070	4
7071	5
7072	6
7073	5
7074	2
7075	9
7076	1
7077	9
7078	4
7079	3
7080	6
7081	8
7082	3
7083	5
7084	3
7085	4
7086	2
7087	6
7088	4
7089	4
7090	5
7091	6
7092	2
7093	13
7094	4
7095	4
7096	5
7097	7
7098	7
7099	5
7100	6
7101	8
7102	3
7103	4
7104	0
7105	9
7106	4
7107	5
7108	9
7109	8
7110	6
7111	5
7112	4
7113	4
7114	3
7115	5
7116	6
7117	9
7118	8
7119	6
7120	4
7121	6
7122	10
7123	3
7124	6
7125	6
7126	7
7127	5
7128	4
7129	13
7130	4
7131	5
7132	8
7133	7
7134	7
7135	9
7136	5
7137	3
7138	9
7139	8
7140	6
7141	12
7142	6
7143	6
7144	4
7145	6
7146	7
7147	11
7148	17
7149	7
7150	6
7151	10
7152	10
7153	7
7154	9
7155	8
7156	5
7157	7
7158	9
7159	10
7160	4
7161	4
7162	10
7163	6
7164	7
7165	7
7166	11
7167	16
7168	7
7169	6
7170	9
7171	6
7172	8
7173	8
7174	7
7175	4
7176	9
7177	4
7178	6
7179	8
7180	7
7181	10
7182	9
7183	4
7184	8
7185	7
7186	5
7187	7
7188	11
7189	4
7190	10
7191	7
7192	12
7193	10
7194	7
7195	7
7196	9
7197	11
7198	9
7199	12
7200	10
7201	9
7202	3
7203	13
7204	7
7205	10
7206	12
7207	6
7208	8
7209	8
7210	13
7211	11
7212	5
7213	4
7214	11
7215	6
7216	6
7217	9
7218	8
7219	8
7220	13
7221	9
7222	10
7223	9
7224	10
7225	9
7226	8
7227	6
7228	11
7229	9
7230	7
7231	9
7232	12
7233	7
7234	6
7235	12
7236	7
7237	10
7238	9
7239	9
7240	8
7241	16
7242	12
7243	6
7244	6
7245	14
7246	12
7247	7
7248	11
7249	17
7250	14
7251	12
7252	12
7253	15
7254	12
7255	5
7256	12
7257	8
7258	10
7259	7
7260	14
7261	12
7262	9
7263	9
7264	8
7265	9
7266	9
7267	7
7268	10
7269	7
7270	8
7271	13
7272	10
7273	12
7274	7
7275	7
7276	16
7277	9
7278	13
7279	9
7280	6
7281	8
7282	10
7283	9
7284	14
7285	6
7286	6
7287	4
7288	9
7289	13
7290	12
7291	6
7292	16
7293	9
7294	15
7295	13
7296	12
7297	15
7298	9
7299	22
7300	5
7301	6
7302	11
7303	13
7304	8
7305	10
7306	14
7307	13
7308	10
7309	8
7310	8
7311	12
7312	8
7313	13
7314	12
7315	7
7316	11
7317	10
7318	11
7319	6
7320	6
7321	15
7322	11
7323	14
7324	10
7325	7
7326	10
7327	11
7328	11
7329	10
7330	9
7331	13
7332	6
7333	15
7334	9
7335	6
7336	8
7337	4
7338	9
7339	7
7340	15
7341	8
7342	11
7343	5
7344	12
7345	6
7346	16
7347	12
7348	19
7349	16
7350	9
7351	6
7352	10
7353	8
7354	16
7355	7
7356	11
7357	9
7358	8
7359	10
7360	6
7361	6
7362	11
7363	11
7364	9
7365	5
7366	13
7367	10
7368	14
7369	14
7370	15
7371	8
7372	9
7373	11
7374	11
7375	9
7376	10
7377	15
7378	12
7379	12
7380	14
7381	9
7382	4
7383	9
7384	7
7385	10
7386	10
7387	7
7388	6
7389	8
7390	7
7391	11
7392	2
7393	10
7394	11
7395	10
7396	10
7397	7
7398	11
7399	10
7400	8
7401	11
7402	3
7403	7
7404	11
7405	17
7406	12
7407	9
7408	1
7409	12
7410	10
7411	14
7412	10
7413	12
7414	6
7415	10
7416	11
7417	17
7418	6
7419	11
7420	9
7421	12
7422	19
7423	12
7424	9
7425	10
7426	11
7427	10
7428	14
7429	14
7430	6
7431	10
7432	4
7433	10
7434	12
7435	7
7436	5
7437	8
7438	11
7439	11
7440	14
7441	7
7442	9
7443	6
7444	10
7445	9
7446	10
7447	6
7448	8
7449	7
7450	7
7451	11
7452	8
7453	10
7454	6
7455	5
7456	9
7457	12
7458	9
7459	9
7460	13
7461	14
7462	3
7463	7
7464	8
7465	7
7466	12
7467	9
7468	10
7469	7
7470	7
7471	8
7472	9
7473	8
7474	3
7475	5
7476	3
7477	7
7478	6
7479	3
7480	13
7481	4
7482	3
7483	5
7484	7
7485	6
7486	7
7487	8
7488	7
7489	2
7490	6
7491	12
7492	4
7493	6
7494	11
7495	7
7496	9
7497	7
7498	7
7499	13
7500	12
7501	6
7502	7
7503	2
7504	6
7505	6
7506	8
7507	6
7508	5
7509	5
7510	4
7511	5
7512	8
7513	3
7514	7
7515	5
7516	13
7517	3
7518	8
7519	6
7520	2
7521	5
7522	3
7523	6
7524	4
7525	5
7526	8
7527	7
7528	6
7529	7
7530	4
7531	5
7532	3
7533	3
7534	8
7535	3
7536	4
7537	2
7538	3
7539	7
7540	7
7541	3
7542	2
7543	4
7544	6
7545	4
7546	9
7547	8
7548	2
7549	8
7550	4
7551	5
7552	8
7553	3
7554	3
7555	8
7556	4
7557	8
7558	7
7559	2
7560	5
7561	1
7562	8
7563	5
7564	5
7565	6
7566	4
7567	4
7568	5
7569	4
7570	10
7571	4
7572	4
7573	1
7574	7
7575	3
7576	6
7577	2
7578	4
7579	6
7580	3
7581	6
7582	3
7583	6
7584	2
7585	4
7586	7
7587	2
7588	6
7589	5
7590	6
7591	3
7592	4
7593	3
7594	3
7595	3
7596	1
7597	4
7598	6
7599	7
7600	2
7601	3
7602	3
7603	3
7604	7
7605	2
7606	4
7607	4
7608	7
7609	1
7610	4
7611	2
7612	3
7613	4
7614	3
7615	4
7616	1
7617	5
7618	1
7619	3
7620	6
7621	3
7622	1
7623	3
7624	3
7625	2
7626	2
7627	4
7628	2
7629	3
7630	3
7631	3
7632	2
7633	1
7634	1
7635	3
7636	4
7637	7
7638	3
7639	4
7640	3
7641	1
7642	3
7643	6
7644	4
7645	1
7646	1
7647	2
7648	2
7649	2
7650	1
7651	4
7652	2
7653	0
7654	1
7655	1
7656	4
7657	2
7658	1
7659	1
7660	5
7661	1
7662	1
7663	2
7664	3
7665	3
7666	1
7667	1
7668	2
7669	1
7670	5
7671	3
7672	2
7673	1
7674	0
7675	3
7676	2
7677	2
7678	0
7679	5
7680	1
7681	3
7682	3
7683	2
7684	0
7685	5
7686	1
7687	3
7688	2
7689	2
7690	1
7691	1
7692	0
7693	2
7694	4
7695	1
7696	5
7697	4
7698	3
7699	2
7700	2
7701	1
7702	3
7703	5
7704	0
7705	0
7706	1
7707	3
7708	2
7709	3
7710	2
7711	1
7712	4
7713	2
7714	2
7715	4
7716	3
7717	1
7718	1
7719	2
7720	1
7721	3
7722	4
7723	3
7724	2
7725	4
7726	2
7727	2
7728	0
7729	1
7730	0
7731	0
7732	0
7733	3
7734	0
7735	2
7736	2
7737	2
7738	2
7739	2
7740	2
7741	4
7742	0
7743	2
7744	3
7745	1
7746	2
7747	0
7748	0
7749	0
7750	2
7751	3
7752	5
7753	3
7754	4
7755	1
7756	0
7757	1
7758	1
7759	2
7760	3
7761	1
7762	1
7763	3
7764	2
7765	1
7766	1
7767	2
7768	1
7769	0
7770	0
7771	4
7772	2
7773	0
7774	0
7775	0
7776	1
7777	0
7778	1
7779	0
7780	2
7781	0
7782	2
7783	0
7784	1
7785	0
7786	2
7787	0
7788	2
7789	0
7790	0
7791	0
7792	1
7793	1
7794	3
7795	2
7796	1
7797	2
7798	2
7799	2
7800	1
7801	3
7802	0
7803	0
7804	3
7805	2
7806	0
7807	1
7808	0
7809	0
7810	0
7811	4
7812	1
7813	1
7814	1
7815	1
7816	1
7817	2
7818	2
7819	2
7820	2
7821	2
7822	2
7823	1
7824	2
7825	0
7826	2
7827	1
7828	2
7829	2
7830	2
7831	0
7832	3
7833	1
7834	0
7835	1
7836	1
7837	4
7838	1
7839	1
7840	1
7841	0
7842	1
7843	2
7844	2
7845	3
7846	5
7847	0
7848	2
7849	0
7850	0
7851	0
7852	2
7853	1
7854	0
7855	1
7856	1
7857	1
7858	2
7859	1
7860	2
7861	1
7862	0
7863	1
7864	1
7865	2
7866	3
7867	0
7868	1
7869	1
7870	2
7871	2
7872	4
7873	3
7874	2
7875	2
7876	1
7877	1
7878	0
7879	2
7880	2
7881	1
7882	0
7883	2
7884	2
7885	0
7886	0
7887	1
7888	1
7889	0
7890	3
7891	1
7892	1
7893	2
7894	0
7895	1
7896	0
7897	2
7898	2
7899	0
7900	4
7901	2
7902	2
7903	1
7904	0
7905	0
7906	4
7907	6
7908	0
7909	1
7910	2
7911	3
7912	1
7913	2
7914	2
7915	0
7916	2
7917	0
7918	3
7919	1
7920	1
7921	2
7922	2
7923	1
7924	1
7925	1
7926	1
7927	3
7928	1
7929	0
7930	1
7931	2
7932	2
7933	3
7934	1
7935	3
7936	1
7937	3
7938	0
7939	2
7940	3
7941	0
7942	2
7943	6
7944	0
7945	1
7946	0
7947	2
7948	3
7949	1
7950	4
7951	3
7952	1
7953	1
7954	2
7955	0
7956	1
7957	1
7958	5
7959	1
7960	1
7961	1
7962	2
7963	1
7964	1
7965	1
7966	2
7967	2
7968	2
7969	2
7970	4
7971	2
7972	2
7973	2
7974	0
7975	0
7976	1
7977	4
7978	1
7979	2
7980	4
7981	2
7982	3
7983	3
7984	3
7985	1
7986	2
7987	1
7988	5
7989	3
7990	1
7991	2
7992	1
7993	1
7994	4
7995	0
7996	1
7997	2
7998	2
7999	1
8000	2
8001	2
8002	4
8003	2
8004	2
8005	2
8006	0
8007	0
8008	4
8009	1
8010	1
8011	2
8012	0
8013	1
8014	0
8015	2
8016	2
8017	1
8018	1
8019	2
8020	1
8021	3
8022	0
8023	3
8024	1
8025	1
8026	3
8027	1
8028	3
8029	3
8030	2
8031	3
8032	1
8033	2
8034	3
8035	1
8036	2
8037	2
8038	1
8039	3
8040	0
8041	1
8042	1
8043	3
8044	3
8045	1
8046	0
8047	2
8048	3
8049	2
8050	2
8051	5
8052	0
8053	4
8054	5
8055	0
8056	5
8057	1
8058	0
8059	1
8060	2
8061	1
8062	4
8063	1
8064	5
8065	1
8066	1
8067	1
8068	0
8069	0
8070	0
8071	0
8072	0
8073	0
8074	0
8075	0
8076	0
8077	0
8078	0
8079	0
8080	0
8081	0
8082	0
8083	0
8084	0
8085	0
8086	0
8087	0
8088	0
8089	0
8090	0
8091	0
8092	0
8093	0
8094	0
8095	0
8096	0
8097	0
8098	0
8099	0
8100	0
8101	0
8102	0
8103	0
8104	0
8105	0
8106	0
8107	0
8108	0
8109	0
8110	0
8111	0
8112	0
8113	0
8114	0
8115	0
8116	0
8117	0
8118	0
8119	0
8120	0
8121	0
8122	0
8123	0
8124	0
8125	0
8126	0
8127	0
8128	0
8129	0
8130	0
8131	0
8132	0
8133	0
8134	0
8135	0
8136	0
8137	0
8138	0
8139	0
8140	0
8141	0
8142	0
8143	0
8144	0
8145	0
8146	0
8147	0
8148	0
8149	0
8150	0
8151	0
8152	0
8153	0
8154	0
8155	0
8156	0
8157	0
8158	0
8159	0
8160	0
8161	0
8162	0
8163	0
8164	0
8165	0
8166	0
8167	0
8168	0
8169	0
8170	0
8171	0
8172	0
8173	0
8174	0
8175	0
8176	0
8177	0
8178	0
8179	0
8180	0
8181	0
8182	0
8183	0
8184	0
8185	0
8186	0
8187	0
8188	0
8189	0
8190	0
8191	0
